pId;shortId;totalDuration;excludeAsDuplicate;role;profDevExp;javaExp;programPract;reviewPract;workStartHours;fitness;jedit;prize;controlledSetting;treatmentCombination;wmspanScore;wmspanMathErrors;wmspanGrossTime;viewWidth;viewHeight;screenWidth;screenHeight;browser;netTimeForReviewWithoutIdlingR0;netTimeForReviewWithIdlingR0;grossTimeForReviewR0;defectsFoundR0;defectsFoundAfterTenMinR0;defectsFoundAfterTwentyMinR0;defectsFoundAfterThirtyMinR0;defectsTotalR0;timeForUnderstandingR0;understandingCorrectR0;understandingTotalR0;scrollAmountR0;pauseCountR0;descriptionCountR0;treatmentR1;changeR1;netTimeForReviewWithoutIdlingR1;netTimeForReviewWithIdlingR1;grossTimeForReviewR1;defectsFoundR1;defectsFoundAfterTenMinR1;defectsFoundAfterTwentyMinR1;defectsFoundAfterThirtyMinR1;defectsTotalR1;timeForUnderstandingR1;understandingCorrectR1;understandingTotalR1;scrollAmountR1;pauseCountR1;descriptionCountR1;treatmentR2;changeR2;netTimeForReviewWithoutIdlingR2;netTimeForReviewWithIdlingR2;grossTimeForReviewR2;defectsFoundR2;defectsFoundAfterTenMinR2;defectsFoundAfterTwentyMinR2;defectsFoundAfterThirtyMinR2;defectsTotalR2;timeForUnderstandingR2;understandingCorrectR2;understandingTotalR2;scrollAmountR2;pauseCountR2;descriptionCountR2;comparisonUnderstanding;comparisonComplicated;pageReloads;q_W_A;q_W_B;q_C1_A;q_C1_B;q_C1_C;q_C1_D;q_C2_A;q_C2_B;q_C2_C;d_WU_FROM_TO_SWAP;d_WU_OFF_BY_ONE1;d_WU_OFF_BY_ONE2;d_D1_WRONG_PATH_ASSIGNMENT;d_D1_FROM_TO_SWITCHED_RENAME1;d_D1_FROM_TO_SWITCHED_RENAME2;d_D1_MISSING_LATCH_DECREMENT;d_D1_TYPO_PATH;d_D1_WRONG_TOSTRING_MKDIR;d_D1_INTERRUPTED_EXCEPTION;d_D1_CANCELLABLE_WRONG;d_D1_LOADINFO_NOT_SET;d_D2_MISSING_CHECK_END;d_D2_MISSING_CHECK_START;d_D2_SET_NO_WORD_SEP_WRONG;d_D2_IS_END_WORD_WRONG_RESULT;d_D2_WRONG_PROPERTY;d_D2_MATCH_END_NOT_SET;d_D2_MISSING_CONTINUE;d_D2_TYPO_MATCH;d_D2_WHOLEWORDMISSING;d_D2_DANGEROUS_RECURSION;timeUntil_WU_FROM_TO_SWAP;timeUntil_WU_OFF_BY_ONE1;timeUntil_WU_OFF_BY_ONE2;timeUntil_D1_WRONG_PATH_ASSIGNMENT;timeUntil_D1_FROM_TO_SWITCHED_RENAME1;timeUntil_D1_FROM_TO_SWITCHED_RENAME2;timeUntil_D1_MISSING_LATCH_DECREMENT;timeUntil_D1_TYPO_PATH;timeUntil_D1_WRONG_TOSTRING_MKDIR;timeUntil_D1_INTERRUPTED_EXCEPTION;timeUntil_D1_CANCELLABLE_WRONG;timeUntil_D1_LOADINFO_NOT_SET;timeUntil_D2_MISSING_CHECK_END;timeUntil_D2_MISSING_CHECK_START;timeUntil_D2_SET_NO_WORD_SEP_WRONG;timeUntil_D2_IS_END_WORD_WRONG_RESULT;timeUntil_D2_WRONG_PROPERTY;timeUntil_D2_MATCH_END_NOT_SET;timeUntil_D2_MISSING_CONTINUE;timeUntil_D2_TYPO_MATCH;timeUntil_D2_WHOLEWORDMISSING;timeUntil_D2_DANGEROUS_RECURSION;
p237967248580;12sn;4032594;false;programmer;5;5;4;3;8.0;3;0;false;true;WF-WNF;44;3;371878;1903;1079;1920;1080;Firefox;579554;593163;661120;3;3;3;3;3;67957;1;2;4306;0;0;WF;P2;1875823;1893931;2032548;6;0;3;5;10;138617;3;3;190546;0;0;WNF;P1;485022;485022;728008;4;4;4;4;9;242986;3;4;318085;0;0;same;expected;[];0;1;1;0;1;1;1;1;1;1;1;1;1;1;1;1;0;0;0;0;0;1;1;0;1;1;1;1;0;0;0;108312;238238;248103;220371;299537;274842;176443;-1;-1;-1;-1;-1;648167;624387;-1;1029024;1885657;1396077;1623923;-1;-1;-1;
p237967248582;136v;5927463;false;programmer;4;4;4;4;7.0;2;0;false;true;ONF-WNF;-1;-1;-1;1903;1079;1920;1080;IE;308388;590166;688407;1;1;1;1;3;98241;2;2;952;0;0;ONF;P2;2821706;3342765;3734252;0;0;0;0;10;391487;3;3;395710;0;0;WNF;P1;573779;627629;1142345;1;1;1;1;9;514716;3;4;311097;0;0;same;same;[];1;1;1;0;1;1;1;1;1;1;0;0;0;0;0;0;1;0;0;0;0;0;0;0;0;0;0;0;0;0;0;576680;-1;-1;-1;-1;-1;-1;189144;-1;-1;-1;-1;-1;-1;-1;-1;-1;-1;-1;-1;-1;-1;
p237967248583;13dz;3812823;false;programmer;4;4;4;4;1.0;3;1;false;true;OF-WF;45;2;439152;1903;1079;1920;1080;IE;397614;449409;515635;2;2;2;2;3;38132;1;2;1028;0;1;OF;P2;971311;1000237;1046845;2;1;2;2;10;42935;2;3;84366;1;0;WF;P1;1370809;1373250;1431357;5;3;4;5;9;58107;1;4;590855;0;0;inverse;same;[];0;1;1;0;0;0;1;0;1;0;1;1;1;1;1;0;1;1;0;0;0;0;0;0;0;1;0;0;1;0;0;-1;296407;317159;587979;906761;1222389;-1;341194;321141;-1;-1;-1;-1;-1;-1;-1;988473;-1;-1;553544;-1;-1;
p237967248584;13l3;5913196;false;programmer;3;4;4;4;2.0;3;0;false;true;ONF-WNF;46;4;586972;1903;1079;1920;1080;IE;485508;508410;594188;3;3;3;3;3;85778;2;2;982;0;0;ONF;P1;1760596;1949837;2069537;5;1;3;5;9;119700;1;4;636215;0;0;WNF;P2;1616912;2020153;2095865;4;0;2;3;10;75712;1;3;315310;0;0;expected;expected;[];1;1;0;0;0;1;1;0;0;1;1;1;1;1;1;0;1;0;0;1;0;0;0;1;0;1;0;0;1;1;0;499734;350287;383118;1100513;1684707;1763969;-1;506848;-1;-1;721417;-1;-1;-1;1758359;-1;1992142;-1;-1;960933;1122699;-1;
p237967248585;13s7;765363;false;manager;5;5;4;2;1.0;4;;false;false;OF-WF;-1;-1;-1;-1;-1;-1;-1;NA;306055;394144;610575;0;0;0;0;3;87775;2;2;8765;1;0;OF;P1;NA;NA;-1;NA;NA;NA;NA;NA;-1;0;4;0;0;0;WF;P2;NA;NA;-1;NA;NA;NA;NA;NA;-1;0;3;0;0;0;NA;NA;[];1;1;0;0;0;0;0;0;0;0;0;0;-1;-1;-1;-1;-1;-1;-1;-1;-1;-1;-1;-1;-1;-1;-1;-1;-1;-1;-1;-1;-1;-1;-1;-1;-1;-1;-1;-1;-1;-1;-1;-1;-1;-1;-1;-1;-1;-1;-1;-1;-1;
p237967248586;13zb;4052898;false;programmer;3;4;4;3;4.0;3;0;false;true;ONF-WNF;36;2;581199;1903;1079;1920;1080;IE;284210;284210;328023;0;0;0;0;3;43813;1;2;1751;0;0;WNF;P2;1389161;1512627;1597654;4;3;4;4;10;85027;2;3;127864;0;0;ONF;P1;578545;578545;695224;2;2;2;2;9;116679;1;4;176702;0;0;expected;inverse;[];0;1;1;0;0;0;0;1;1;0;0;0;1;0;0;0;1;0;0;0;0;1;1;0;1;0;0;0;1;0;0;-1;-1;-1;191277;-1;-1;-1;509686;-1;-1;-1;-1;442800;374571;-1;247162;-1;-1;-1;998626;-1;-1;
p237967248587;146f;3424327;false;programmer;3;2;4;3;5.0;3;0;false;true;OF-WF;35;3;640553;1903;1079;1920;1080;IE;258051;289757;354424;2;2;2;2;3;64667;0;2;390;0;0;WF;P1;840205;879595;1035470;0;0;0;0;9;155875;0;4;309467;0;0;OF;P2;894478;894478;988515;5;4;5;5;10;94037;1;3;140950;0;0;expected;expected;[];0;0;0;0;0;0;0;1;0;0;1;1;0;0;0;0;0;0;0;0;0;1;1;1;1;0;0;0;1;0;0;-1;167230;198152;-1;-1;-1;-1;-1;-1;-1;-1;-1;573772;541639;233676;363936;-1;-1;-1;658276;-1;-1;
p238606398475;28e;226009833;false;programmer;4;4;2;2;9.0;3;;false;false;OF-WF;-1;-1;-1;-1;-1;-1;-1;NA;611842;629838;1023975;2;1;2;2;3;164891;1;2;14001;4;0;WF;P2;NA;NA;-1;NA;NA;NA;NA;NA;-1;0;3;0;0;0;OF;P1;NA;NA;-1;NA;NA;NA;NA;NA;-1;0;4;0;0;0;NA;NA;[];0;1;0;0;0;0;0;0;0;0;1;1;-1;-1;-1;-1;-1;-1;-1;-1;-1;-1;-1;-1;-1;-1;-1;-1;-1;-1;-1;-1;617746;541934;-1;-1;-1;-1;-1;-1;-1;-1;-1;-1;-1;-1;-1;-1;-1;-1;-1;-1;-1;
p238606398476;2fi;4447071;false;programmer;5;4;3;0;0.0;3;;false;false;ONF-WNF;-1;-1;-1;1519;689;1536;864;Firefox;1259738;1532021;1622824;3;1;2;3;3;90803;1;2;7718;0;0;WNF;P1;1697195;1960006;2472516;2;1;2;2;9;512510;1;4;167588;0;0;ONF;P2;NA;NA;118700;NA;NA;NA;NA;NA;10922;0;3;18625;0;0;NA;NA;[];0;1;1;0;0;0;0;0;0;1;1;1;0;0;0;0;1;0;0;1;0;-1;-1;-1;-1;-1;-1;-1;-1;-1;-1;443037;1093470;1353194;-1;-1;-1;-1;198055;-1;-1;914598;-1;-1;-1;-1;-1;-1;-1;-1;-1;-1;-1;
p238606398477;2mm;4485379;false;programmer;4;5;4;4;0.0;2;;false;false;OF-WF;-1;-1;-1;1903;1080;1920;1080;Chrome;942317;1042733;1283588;2;0;2;2;3;240855;2;2;20842;0;0;WF;P1;2232321;2297928;2574967;3;1;2;3;9;277039;2;4;579266;0;0;OF;P2;NA;NA;-1;NA;NA;NA;NA;NA;-1;0;3;0;0;0;NA;NA;[];1;1;1;1;0;0;0;0;0;0;1;1;1;0;0;0;1;1;0;0;0;-1;-1;-1;-1;-1;-1;-1;-1;-1;-1;-1;639574;889049;1121336;-1;-1;-1;1653295;482738;-1;-1;-1;-1;-1;-1;-1;-1;-1;-1;-1;-1;-1;
p238606398478;2tq;4718592;false;programmer;3;4;3;1;8.0;2;0;false;true;ONF-WNF;46;3;469741;1903;1079;1920;1080;IE;290631;298210;333278;3;3;3;3;3;35068;1;2;1076;0;0;ONF;P1;1669953;1669953;1775872;5;1;3;5;9;105919;2;4;579246;0;0;WNF;P2;1670006;1675706;1751436;6;2;3;6;10;75730;1;3;298891;0;0;expected;expected;[];1;0;1;0;1;0;0;1;0;1;1;1;1;0;0;0;1;1;0;1;1;1;0;0;1;1;1;0;1;0;1;279442;224770;227675;348945;-1;-1;-1;1661964;690944;-1;1001993;1647014;385032;-1;-1;152452;1200847;1453754;-1;1052636;-1;1424292;
p238915110298;uhk;8194118;false;programmer;5;4;4;4;8.0;2;0;false;true;OF-WF;45;1;629898;1903;1079;1920;1080;IE;452409;452409;550737;3;3;3;3;3;98328;2;2;1426;0;0;WF;P2;3729106;3828275;3957127;6;2;5;6;10;128852;3;3;294292;0;0;OF;P1;2277281;2428506;2542543;5;0;2;3;9;114037;2;4;715512;0;0;expected;expected;[];1;1;1;0;1;0;1;1;1;1;1;1;0;1;1;0;0;1;1;1;0;1;1;0;1;1;0;0;1;1;0;425647;210537;216818;-1;2286969;2302148;-1;-1;956762;1773699;1144590;-1;1057838;917421;-1;682052;521895;-1;-1;1396449;463800;-1;
p238915110299;uoo;7829832;false;programmer;2;3;4;4;7.5;2;0;false;true;OF-WF;27;6;597469;1903;1079;1920;1080;IE;1786621;1915143;2050046;3;1;2;3;3;134903;1;2;6291;0;0;OF;P1;2308289;2317692;2852433;4;2;3;3;9;534741;4;4;726544;0;0;WF;P2;1555400;1562470;1884257;1;1;0;1;10;321787;1;3;255402;0;0;expected;expected;[];0;1;1;1;1;1;1;0;0;1;1;1;1;0;1;0;1;0;0;0;1;0;0;0;0;0;0;0;1;0;0;520756;1125080;1202474;251361;-1;2002775;-1;184430;-1;-1;-1;1015791;-1;586811;-1;-1;-1;-1;-1;1225230;-1;-1;
p238915110300;uvs;5142026;false;programmer;5;1;4;3;4.0;3;0;false;true;ONF-WNF;-1;-1;-1;1903;1079;1920;1080;IE;631228;647348;739332;1;1;1;1;3;91984;2;2;714;0;0;WNF;P1;1714509;1730275;2214282;1;1;1;1;9;229661;0;4;369311;3;0;ONF;P2;882891;882891;962918;1;1;1;1;10;40397;0;3;30922;1;0;same;same;[];1;1;0;0;0;0;0;0;0;1;0;0;0;0;0;0;1;0;0;0;0;0;0;0;0;0;0;0;1;0;0;505694;-1;-1;-1;-1;-1;-1;466904;-1;-1;-1;-1;-1;-1;-1;-1;-1;-1;-1;326523;-1;-1;
p238915110301;v2w;13329370;false;programmer;5;4;4;4;6.0;4;0;false;true;WF-WNF;50;3;531361;1903;1079;1920;1080;IE;1555958;1555958;1806412;3;2;2;3;3;86022;1;2;4469;1;3;WNF;P1;3893194;3947406;4143946;6;0;1;3;9;141089;3;4;1478397;1;1;WF;P2;3475781;3475781;3674118;5;0;2;3;10;173219;2;3;334572;0;1;same;same;[];0;1;1;0;1;1;0;1;1;1;1;1;1;1;1;0;1;1;0;1;0;1;0;0;1;1;1;0;1;0;0;1536200;499192;555037;2386593;3652613;2659039;-1;669689;1442912;-1;1578205;-1;1427739;-1;-1;877759;636197;3384726;-1;1881349;-1;-1;
p238915110302;va0;2867930;false;manager;5;5;4;4;1.0;3;0;false;false;WF-WNF;-1;-1;-1;1583;767;1600;900;Firefox;468794;501622;582191;1;1;1;1;3;80569;2;2;9026;0;0;WNF;P2;1011791;1061668;1226618;2;2;2;2;10;164950;1;3;223087;0;0;WF;P1;485710;485819;773703;2;2;2;2;9;244902;2;4;223938;1;0;same;same;[];1;1;1;0;1;0;1;0;0;1;0;0;0;1;0;0;1;0;0;0;0;0;0;0;0;1;0;0;1;0;0;185061;-1;-1;-1;319271;-1;-1;79486;-1;-1;-1;-1;-1;-1;-1;-1;539692;-1;-1;583492;-1;-1;
p238915110303;vh4;3982873;false;researcher;4;5;2;1;0.0;4;0;false;false;WF-WNF;48;0;434611;1903;1080;1920;1080;Chrome;233393;242000;281407;3;3;3;3;3;39407;1;2;1215;0;0;WF;P1;1401451;1444207;1542173;5;3;4;5;9;97966;2;4;228339;0;0;WNF;P2;1090369;1214666;1313176;4;3;4;4;10;98510;3;3;69145;0;0;expected;expected;[];1;0;1;0;1;0;1;1;1;1;1;1;1;1;1;0;1;1;0;0;0;1;0;1;1;0;0;0;1;0;0;232183;174928;178000;582736;983694;1315083;-1;412413;289505;-1;-1;-1;361114;-1;288451;207107;-1;-1;-1;719159;-1;-1;
p239148177303;ty4;6121653;false;programmer;4;4;4;4;1.0;4;1;true;true;OF-WF;40;5;696262;1903;1079;1920;1080;IE;303075;338348;447391;1;1;1;1;3;109043;2;2;556;0;0;OF;P1;1756564;1865971;2088543;7;3;4;7;9;222572;4;4;588945;0;0;WF;P2;1966599;2162143;2222145;4;1;4;4;10;60002;3;3;131060;0;0;same;expected;[];1;1;1;1;1;1;1;1;1;1;0;0;1;1;1;0;1;1;0;1;1;0;0;1;1;1;0;0;1;0;0;331433;-1;-1;566776;1631189;1741952;-1;462422;931370;-1;1360987;380612;-1;-1;715912;678676;462609;-1;-1;1024165;-1;-1;
p239148177304;u58;5116123;false;programmer;5;3;4;3;4.0;3;0;true;true;ONF-WNF;-1;-1;-1;1903;1079;1920;1080;IE;953592;977084;1115056;3;0;3;3;3;111885;1;2;5439;2;0;WNF;P2;2690322;2869713;2987308;4;2;4;4;10;43300;1;3;300416;1;0;ONF;P1;552329;552329;622290;0;0;0;0;9;69961;3;4;148709;0;0;inverse;same;[];0;1;1;1;1;0;1;0;0;1;1;1;0;0;0;0;0;0;0;0;0;0;1;1;1;1;0;0;0;0;0;972960;772504;864414;-1;-1;-1;-1;-1;-1;-1;-1;-1;-1;639040;458950;329085;1007466;-1;-1;-1;-1;-1;
p239148177306;ujg;21304095;false;manager;5;1;3;2;0.0;2;0;true;false;OF-WF;-1;-1;-1;1907;1079;1920;1080;Firefox;422805;422805;453108;1;1;1;1;3;30303;1;2;2874;0;0;OF;P2;687824;702317;13335674;1;1;1;1;10;48991;2;3;55662;2;0;WF;P1;NA;NA;7407392;NA;NA;NA;NA;NA;8365;0;4;15610;1;0;NA;NA;[];0;1;0;0;0;0;0;1;1;1;0;0;-1;-1;-1;-1;-1;-1;-1;-1;-1;0;0;0;0;0;0;0;1;0;0;126322;-1;-1;-1;-1;-1;-1;-1;-1;-1;-1;-1;-1;-1;-1;-1;-1;-1;-1;447961;-1;-1;
p239148177307;uqk;4955512;false;programmer;3;5;4;3;0.0;3;1;true;false;OF-WF;46;3;521020;1903;1080;1920;1080;Chrome;265130;265130;321035;1;1;1;1;3;55905;2;2;904;0;0;WF;P1;1628113;1647509;2108750;2;1;2;2;9;461241;2;4;330982;0;0;OF;P2;1072790;1138880;1222429;1;1;1;1;10;83549;3;3;83547;0;0;inverse;inverse;[];1;1;1;0;0;1;1;1;1;1;0;0;1;0;0;0;0;0;0;0;1;0;1;0;0;0;0;0;0;0;0;171698;-1;-1;720490;-1;-1;-1;-1;-1;-1;-1;439762;-1;398224;-1;-1;-1;-1;811960;-1;-1;-1;
p239148177308;uxo;7461005;false;programmer;2;3;4;4;0.0;2;0;true;false;ONF-WNF;37;5;420456;1265;647;1280;800;Firefox;422402;502608;593469;3;3;3;3;3;90861;2;2;6294;0;0;WNF;P1;1847837;1949504;2122795;4;2;4;4;9;173291;2;4;256301;0;0;ONF;P2;2703199;3540800;3617548;7;2;5;5;10;76748;2;3;132594;0;0;expected;same;[];1;1;1;0;1;0;1;1;0;1;1;1;1;1;0;0;1;1;0;0;0;1;1;1;1;0;1;1;1;0;0;313961;480223;483109;1080492;876727;-1;-1;244608;295471;-1;-1;-1;1024720;969618;476173;809206;-1;2292910;3480066;137016;-1;-1;
p239148177309;v4s;410311;false;programmer;5;5;4;4;0.0;2;;true;false;ONF-WNF;-1;-1;-1;-1;-1;-1;-1;NA;199480;199480;235099;2;2;2;2;3;35619;2;2;5019;0;0;ONF;P2;NA;NA;-1;NA;NA;NA;NA;NA;-1;0;3;0;0;0;WNF;P1;NA;NA;-1;NA;NA;NA;NA;NA;-1;0;4;0;0;0;NA;NA;[];1;1;0;0;0;0;0;0;0;0;1;1;-1;-1;-1;-1;-1;-1;-1;-1;-1;-1;-1;-1;-1;-1;-1;-1;-1;-1;-1;-1;173083;173083;-1;-1;-1;-1;-1;-1;-1;-1;-1;-1;-1;-1;-1;-1;-1;-1;-1;-1;-1;
p239373198633;881;5616194;false;programmer;5;0;4;4;0.0;2;1;true;false;OF-WF;35;7;599035;1365;805;1440;900;Firefox;545696;728734;783019;3;1;3;3;3;39262;2;2;11091;0;1;WF;P2;1822151;1951003;2040833;4;2;4;4;10;89830;3;3;230444;0;0;OF;P1;1605688;1662698;1744704;6;3;4;6;9;82006;3;4;488563;0;0;expected;expected;[];1;1;1;0;1;1;1;1;1;1;1;1;1;1;1;0;1;1;0;0;1;0;1;1;1;0;0;0;1;0;0;349307;717129;725838;487291;1549070;1640935;-1;286016;847940;-1;-1;307343;-1;791951;543286;1103076;-1;-1;-1;593461;-1;-1;
p239373198641;9sx;5772634;false;student;0;1;3;0;2.0;5;;true;false;WF-WNF;-1;-1;-1;-1;-1;-1;-1;NA;345124;3477993;4602332;0;0;0;0;3;1124339;0;2;14924;0;0;WNF;P1;NA;NA;-1;NA;NA;NA;NA;NA;-1;0;4;0;0;0;WF;P2;NA;NA;-1;NA;NA;NA;NA;NA;-1;0;3;0;0;0;NA;NA;[];0;0;0;0;0;0;0;0;0;0;0;0;-1;-1;-1;-1;-1;-1;-1;-1;-1;-1;-1;-1;-1;-1;-1;-1;-1;-1;-1;-1;-1;-1;-1;-1;-1;-1;-1;-1;-1;-1;-1;-1;-1;-1;-1;-1;-1;-1;-1;-1;-1;
p239373198670;fj5;2771523;false;programmer;2;3;4;0;3.0;3;0;true;false;OF-WF;37;6;468533;1902;848;1920;1080;Firefox;475326;475326;573680;3;3;3;3;3;59075;2;2;11129;2;0;WF;P1;736571;736571;1016958;0;0;0;0;9;167658;1;4;279930;3;0;OF;P2;355209;360241;453761;1;1;1;1;10;44028;1;3;16992;2;0;inverse;inverse;[];1;1;1;0;0;0;1;0;0;1;1;1;0;0;0;0;0;0;0;0;0;0;1;0;0;0;0;0;0;0;0;471167;265701;362458;-1;-1;-1;-1;-1;-1;-1;-1;-1;-1;271270;-1;-1;-1;-1;-1;-1;-1;-1;
p239373198672;fxd;2268496;false;programmer;1;4;4;2;5.0;4;0;true;false;ONF-WNF;-1;-1;-1;1440;816;1440;900;Safari;490610;490610;563855;2;2;2;2;3;73245;1;2;14696;0;0;WNF;P1;767192;792574;994859;2;2;2;2;9;202285;2;4;301536;0;0;ONF;P2;236587;236587;242631;1;1;1;1;10;6044;0;3;44787;0;0;inverse;expected;[request/intro.html, request/intro2.html];0;1;1;1;0;0;0;0;0;0;1;1;0;0;0;0;1;1;0;0;0;0;0;0;0;0;0;0;1;0;0;-1;454274;465440;-1;-1;-1;-1;391568;522525;-1;-1;-1;-1;-1;-1;-1;-1;-1;-1;146428;-1;-1;
p239373198673;g4h;2716329;false;programmer;2;4;4;4;8.0;4;0;true;false;OF-WF;50;5;370890;1265;860;1280;1024;Safari;327980;346611;374008;1;1;1;1;3;27397;2;2;4185;0;0;OF;P1;740132;748118;952404;1;1;1;1;9;204286;3;4;195458;0;0;WF;P2;571670;588366;826994;0;0;0;0;10;238628;3;3;108620;0;0;inverse;expected;[];1;1;1;0;1;1;1;1;1;1;0;0;0;0;0;0;1;0;0;0;0;0;0;0;0;0;0;0;0;0;0;278732;-1;-1;-1;-1;-1;-1;224878;-1;-1;-1;-1;-1;-1;-1;-1;-1;-1;-1;-1;-1;-1;
p239373198683;i3l;363404;true;programmer;0;0;0;0;3.0;3;;true;false;OF-WF;-1;-1;-1;1269;642;1280;720;IE;112984;307509;316668;0;0;0;0;3;9159;0;2;2101;0;0;OF;P2;NA;NA;19166;NA;NA;NA;NA;NA;9904;0;3;6948;0;0;WF;P1;NA;NA;-1;NA;NA;NA;NA;NA;-1;0;4;0;0;0;NA;NA;[];0;0;0;0;0;0;0;0;0;0;0;0;-1;-1;-1;-1;-1;-1;-1;-1;-1;-1;-1;-1;-1;-1;-1;-1;-1;-1;-1;-1;-1;-1;-1;-1;-1;-1;-1;-1;-1;-1;-1;-1;-1;-1;-1;-1;-1;-1;-1;-1;-1;
p239373198686;iox;3352257;false;programmer;5;5;4;3;6.0;2;0;true;false;ONF-WNF;40;4;456408;1270;720;1920;1080;Chrome;449802;449802;492704;3;3;3;3;3;42902;1;2;17391;0;0;ONF;P1;1025124;1045437;1160325;5;1;5;5;9;114888;3;4;403652;0;0;WNF;P2;869131;869131;922713;7;3;7;7;10;53582;3;3;66675;0;0;expected;expected;[];1;0;1;1;1;0;1;1;1;1;1;1;1;0;0;0;1;1;1;1;0;0;1;1;1;0;1;1;1;0;1;177617;296290;304918;308275;-1;-1;-1;1009142;653259;876472;817201;-1;-1;318514;174406;133770;-1;847647;625367;651037;-1;801343;
p239373198694;k9t;4853996;false;programmer;4;5;4;2;8.0;2;1;true;false;OF-WF;17;8;490882;1093;655;1280;800;Chrome;660091;723649;788578;0;0;0;0;3;64929;1;2;13677;0;0;WF;P2;1791264;1870466;2078303;1;0;1;1;10;207837;1;3;112626;0;0;OF;P1;862912;913355;1279302;1;1;1;1;9;365947;1;4;275717;0;0;inverse;inverse;[];0;1;1;0;0;0;0;0;1;0;0;0;0;0;0;0;1;0;0;0;0;0;0;0;0;0;0;0;1;0;0;-1;-1;-1;-1;-1;-1;-1;270505;-1;-1;-1;-1;-1;-1;-1;-1;-1;-1;-1;1088007;-1;-1;
p239373198705;mg1;469047;false;programmer;5;5;4;3;6.0;3;;true;false;WF-WNF;-1;-1;-1;-1;-1;-1;-1;NA;327431;338579;395326;1;1;1;1;3;56747;1;2;4534;0;0;WNF;P1;NA;NA;-1;NA;NA;NA;NA;NA;-1;0;4;0;0;0;WF;P2;NA;NA;-1;NA;NA;NA;NA;NA;-1;0;3;0;0;0;NA;NA;[];0;1;0;0;0;0;0;0;0;1;0;0;-1;-1;-1;-1;-1;-1;-1;-1;-1;-1;-1;-1;-1;-1;-1;-1;-1;-1;-1;335842;-1;-1;-1;-1;-1;-1;-1;-1;-1;-1;-1;-1;-1;-1;-1;-1;-1;-1;-1;-1;-1;
p239373198711;nmp;2673678;false;manager;2;4;4;4;8.0;2;0;true;false;WF-WNF;38;4;360743;1903;1080;1920;1080;Chrome;266411;266411;307704;2;2;2;2;3;41293;2;2;850;0;0;WF;P1;854700;854700;966542;6;3;6;6;9;111842;2;4;289085;0;0;WNF;P2;727989;727989;778720;4;3;4;4;10;50731;3;3;58393;0;0;expected;expected;[];1;1;1;0;1;0;1;1;1;0;1;1;1;0;0;0;1;1;1;1;1;0;1;0;1;0;0;1;1;0;0;-1;130128;139458;660078;-1;-1;-1;842291;826789;594464;462156;224637;-1;95277;-1;700589;-1;-1;340364;359307;-1;-1;
p239824586668;y11;507873;true;programmer;1;4;4;3;8.0;2;;true;false;ONF-WNF;-1;-1;-1;-1;-1;-1;-1;NA;330345;334407;381188;2;2;2;2;3;46781;2;2;11117;0;0;ONF;P2;NA;NA;-1;NA;NA;NA;NA;NA;-1;0;3;0;0;0;WNF;P1;NA;NA;-1;NA;NA;NA;NA;NA;-1;0;4;0;0;0;NA;NA;[];1;1;0;0;0;0;0;0;0;1;1;0;-1;-1;-1;-1;-1;-1;-1;-1;-1;-1;-1;-1;-1;-1;-1;-1;-1;-1;-1;255154;331010;-1;-1;-1;-1;-1;-1;-1;-1;-1;-1;-1;-1;-1;-1;-1;-1;-1;-1;-1;-1;
p239824586671;ymd;3258127;true;programmer;1;3;4;3;0.0;4;0;true;false;WF-WNF;38;4;414802;1520;786;1600;900;Chrome;374168;389469;448898;1;1;1;1;3;59429;2;2;5497;0;0;WNF;P2;1252318;1305935;1571341;1;0;1;1;10;265406;3;3;155114;0;0;WF;P1;406960;407698;676997;2;2;2;2;9;155071;1;4;141704;5;1;inverse;inverse;[];1;1;0;0;1;0;1;1;1;1;0;0;1;0;0;0;1;0;0;0;0;0;0;0;0;0;0;0;1;0;0;386373;-1;-1;276322;-1;-1;-1;98204;-1;-1;-1;-1;-1;-1;-1;-1;-1;-1;-1;1032395;-1;-1;
p239824586673;z0l;5129465;false;programmer;5;4;0;0;0.0;5;0;true;false;WF-WNF;50;1;759857;1583;791;1600;900;Firefox;345641;644082;1040971;0;0;0;0;3;396889;1;2;8360;0;0;WNF;P1;1444762;1939429;2045962;1;1;1;1;9;106533;0;4;90164;0;0;WF;P2;NA;NA;230655;NA;NA;NA;NA;NA;72474;0;3;18487;0;0;NA;NA;[];0;1;0;0;0;0;0;0;0;0;0;0;0;0;0;0;1;0;0;0;0;-1;-1;-1;-1;-1;-1;-1;-1;-1;-1;-1;-1;-1;-1;-1;-1;-1;518983;-1;-1;-1;-1;-1;-1;-1;-1;-1;-1;-1;-1;-1;-1;
p239824586674;z7p;403666;false;manager;5;5;3;3;3.0;4;;true;false;WF-WNF;-1;-1;-1;-1;-1;-1;-1;NA;152602;194657;236340;1;1;1;1;3;41683;1;2;3694;0;0;WF;P2;NA;NA;-1;NA;NA;NA;NA;NA;-1;0;3;0;0;0;WNF;P1;NA;NA;-1;NA;NA;NA;NA;NA;-1;0;4;0;0;0;NA;NA;[];0;1;0;0;0;0;0;0;0;1;0;0;-1;-1;-1;-1;-1;-1;-1;-1;-1;-1;-1;-1;-1;-1;-1;-1;-1;-1;-1;166163;-1;-1;-1;-1;-1;-1;-1;-1;-1;-1;-1;-1;-1;-1;-1;-1;-1;-1;-1;-1;-1;
p239824586675;zet;4274759;false;programmer;1;3;4;4;0.0;4;0;true;false;ONF-WNF;50;0;433210;1680;1050;1680;1050;Chrome;240175;373872;448433;1;1;1;1;3;74561;2;2;6141;0;0;WNF;P2;1190420;1228834;1386206;2;1;2;2;10;157372;2;3;138279;0;0;ONF;P1;1132331;1132331;1270692;4;2;4;4;9;138361;2;4;278384;0;0;expected;inverse;[];1;1;1;1;0;0;0;1;1;1;0;0;0;1;1;0;1;1;0;0;0;0;0;0;1;0;0;0;1;0;0;258599;-1;-1;-1;206913;167581;-1;1093333;712951;-1;-1;-1;-1;-1;-1;259854;-1;-1;-1;924575;-1;-1;
p239824586677;zt1;5225142;false;programmer;4;5;4;4;0.0;2;1;true;false;ONF-WNF;48;3;452134;1287;1450;2560;1600;Firefox;329621;329621;403491;1;1;1;1;3;73870;2;2;0;0;0;ONF;P2;2072222;2364974;2589380;7;2;4;5;10;136682;2;3;55780;1;0;WNF;P1;960333;973629;1190494;4;3;4;4;9;216865;3;4;251881;0;0;inverse;same;[];1;1;1;0;1;1;1;1;0;1;0;0;1;1;0;0;1;1;0;0;0;1;1;1;1;1;1;0;1;0;0;245439;-1;-1;554682;926268;-1;-1;69808;236470;-1;-1;-1;1074567;1074567;590901;1467597;2348111;1960136;-1;237584;-1;-1;
p239824586678;1005;3851429;false;programmer;5;5;4;2;0.0;4;0;true;false;OF-WF;46;3;551817;1271;911;1920;1080;Firefox;273414;273414;321600;1;1;1;1;3;48186;1;2;1898;0;0;OF;P2;1142295;1350680;1427356;4;3;4;4;10;76676;2;3;45971;0;0;WF;P1;938163;982606;1063885;3;2;3;3;9;81279;0;4;51757;0;0;expected;expected;[];1;0;0;0;0;0;1;0;1;1;0;0;1;0;0;0;1;0;0;0;1;1;1;1;0;0;0;0;1;0;0;267461;-1;-1;614327;-1;-1;-1;402942;-1;-1;-1;480849;571098;513435;335046;-1;-1;-1;-1;670742;-1;-1;
p239824586679;1079;641973;false;programmer;4;5;4;3;10.0;2;1;true;false;WF-WNF;-1;-1;-1;1907;865;1920;1080;Firefox;156511;156511;211514;3;3;3;3;3;55003;1;2;4763;0;0;WF;P2;NA;NA;237907;NA;NA;NA;NA;NA;8583;0;3;21013;0;0;WNF;P1;NA;NA;16592;NA;NA;NA;NA;NA;6049;0;4;15432;0;0;NA;NA;[];0;1;0;0;0;0;0;0;0;1;1;1;-1;-1;-1;-1;-1;-1;-1;-1;-1;-1;-1;-1;-1;-1;-1;-1;-1;-1;-1;150216;81689;98219;-1;-1;-1;-1;-1;-1;-1;-1;-1;-1;-1;-1;-1;-1;-1;-1;-1;-1;-1;
p239824586689;126d;1544935424;false;programmer;3;3;4;3;10.0;1;0;true;false;WF-WNF;-1;-1;-1;1845;985;1920;1080;Firefox;NA;NA;198859;NA;NA;NA;NA;3;81092;2;2;1390;0;0;WNF;P1;450778;453539;986516;0;0;0;0;9;532977;1;4;287377;0;0;WF;P2;NA;NA;110125;NA;NA;NA;NA;NA;71469;1;3;8813;0;0;NA;NA;[request/closing.html, request/finalquestions.html, request/intermediate2.html, request/intro.html, request/intermediate1.html, request/intermediate3.html, request/intermediate0.html, request/intro2.html, requestReview-1, request/intermediate1.html, request/intro.html, request/finalquestions.html, requestReview-1, requestReview-1, request/closing.html, request/finalquestions.html];1;1;1;0;0;0;1;0;0;-1;-1;-1;0;0;0;0;0;0;0;0;0;-1;-1;-1;-1;-1;-1;-1;-1;-1;-1;-1;-1;-1;-1;-1;-1;-1;-1;-1;-1;-1;-1;-1;-1;-1;-1;-1;-1;-1;-1;-1;-1;
p239824586690;12dh;1017918;false;manager;5;3;2;1;1.0;4;;true;false;WF-WNF;-1;-1;-1;1565;1052;1920;1200;IE;289920;314589;334944;1;1;1;1;3;20355;2;2;2147;0;0;WF;P1;481802;484781;614838;2;2;2;2;9;130057;1;4;149759;0;0;WNF;P2;NA;NA;-1;NA;NA;NA;NA;NA;-1;0;3;0;0;0;NA;NA;[cancelled];1;1;1;0;0;0;0;0;0;1;0;0;1;0;0;0;1;0;0;0;0;-1;-1;-1;-1;-1;-1;-1;-1;-1;-1;184022;-1;-1;386678;-1;-1;-1;317179;-1;-1;-1;-1;-1;-1;-1;-1;-1;-1;-1;-1;-1;-1;
p239824586691;12kl;1983058;false;manager;5;5;4;1;0.0;2;0;true;false;WF-WNF;41;3;406105;1903;1079;1920;1080;Firefox;208317;208317;229796;2;2;2;2;3;21479;1;2;1088;0;0;WNF;P2;464440;464440;674284;2;2;2;2;10;209844;2;3;71156;0;0;WF;P1;228848;228848;466604;1;1;1;1;9;237756;3;4;235584;0;0;expected;expected;[];0;1;1;0;1;1;0;1;1;0;1;1;0;0;0;0;1;0;0;0;0;0;1;0;0;0;0;0;1;0;0;-1;56701;80167;-1;-1;-1;-1;66801;-1;-1;-1;-1;-1;165274;-1;-1;-1;-1;-1;332225;-1;-1;
p239824586692;12rp;4058529;false;manager;5;5;3;3;1.0;4;0;true;false;ONF-WNF;50;6;450243;1591;922;1920;1200;Firefox;NA;NA;354419;NA;NA;NA;NA;3;57738;1;2;6808;0;0;WNF;P1;1435373;1810651;2250128;2;1;2;2;9;439477;3;4;284762;0;0;ONF;P2;566114;566321;685420;3;3;3;3;10;119099;3;3;25948;0;0;inverse;inverse;[];0;1;1;0;1;1;1;1;1;-1;-1;-1;1;0;0;0;1;0;0;0;0;0;0;1;0;1;0;0;1;0;0;-1;-1;-1;938458;-1;-1;-1;474437;-1;-1;-1;-1;-1;-1;187711;-1;556652;-1;-1;85069;-1;-1;
p239824586695;13d1;88763135;false;programmer;2;1;4;3;1.0;2;0;true;false;ONF-WNF;39;1;544070;1920;1088;1920;1200;Safari;343173;343173;427495;1;1;1;1;3;84322;1;2;2624;0;0;ONF;P2;234339;234339;87033027;0;0;0;0;10;9447;0;3;53501;1;0;WNF;P1;NA;NA;70730;NA;NA;NA;NA;NA;5476;0;4;73692;0;0;NA;NA;[];0;1;0;0;0;0;0;0;0;1;0;0;-1;-1;-1;-1;-1;-1;-1;-1;-1;0;0;0;0;0;0;0;0;0;0;157753;-1;-1;-1;-1;-1;-1;-1;-1;-1;-1;-1;-1;-1;-1;-1;-1;-1;-1;-1;-1;-1;
p239824586696;13k5;5835150;false;researcher;0;4;3;0;1.0;5;0;true;false;WF-WNF;45;6;416115;1440;777;1440;900;Chrome;190098;190098;218728;1;1;1;1;3;28630;1;2;3683;0;0;WNF;P2;1318615;1452198;2702446;5;4;5;5;10;30552;1;3;54701;6;0;WF;P1;621448;640128;2245398;1;1;1;1;9;58102;3;4;72948;2;0;expected;expected;[];0;1;1;0;1;1;1;0;0;1;0;0;0;0;0;0;1;0;0;0;0;1;1;1;1;0;0;0;1;0;0;180249;-1;-1;-1;-1;-1;-1;239028;-1;-1;-1;-1;337296;294752;259180;155629;-1;-1;-1;1132520;-1;-1;
p239824586697;13r9;6770863;false;programmer;5;5;4;4;2.0;2;0;true;false;WF-WNF;48;1;622584;1265;677;1280;800;Chrome;284900;300816;399443;1;1;1;1;3;98627;1;2;13587;0;0;WF;P2;1389435;1424638;1460926;4;2;3;4;10;36288;1;3;45569;0;0;WNF;P1;776543;776543;834791;2;2;2;2;9;58248;2;4;43844;0;0;same;expected;[];0;1;1;0;1;0;1;0;0;1;0;0;1;0;0;0;1;0;0;0;0;0;1;1;1;0;1;0;0;0;0;294613;-1;-1;482395;-1;-1;-1;220151;-1;-1;-1;-1;-1;656804;574623;533285;-1;1403588;-1;-1;-1;-1;
p239824586698;13yd;7012672;false;programmer;5;5;4;2;6.0;3;0;true;false;OF-WF;44;7;638937;1903;1046;1920;1200;Firefox;361787;437208;573911;3;3;3;3;3;136703;1;2;941;0;0;OF;P1;2046960;2199923;2997251;4;2;2;3;9;797328;3;4;267244;0;0;WF;P2;1567763;1875558;2070430;5;2;5;5;10;194872;1;3;105478;0;0;same;expected;[];0;1;1;0;1;1;0;1;0;1;1;1;0;1;0;0;1;0;0;1;1;0;1;1;1;1;0;0;1;0;0;427598;245007;281943;-1;1989034;-1;-1;546281;-1;-1;1521868;465571;-1;922348;196243;860425;599532;-1;-1;1026533;-1;-1;
p239824586704;1551;2330292;false;programmer;5;5;4;4;2.0;4;0;true;false;ONF-WNF;47;4;427037;1351;768;1366;768;Chrome;114921;130503;221671;3;3;3;3;3;91168;1;2;7569;0;0;ONF;P2;622387;652218;713184;6;6;6;6;10;60966;3;3;54297;0;0;WNF;P1;471610;471610;717213;4;4;4;4;9;245603;4;4;316210;0;0;inverse;same;[];0;1;1;1;1;1;1;1;1;1;1;1;0;1;1;0;1;1;0;0;0;1;1;1;0;0;1;0;1;0;1;123865;81779;103119;-1;364895;225472;-1;102636;73351;-1;-1;-1;342684;333204;172677;-1;-1;504052;-1;74344;-1;527062;
p239824586705;15c5;907952;false;programmer;3;2;4;0;6.0;3;;true;false;ONF-WNF;-1;-1;-1;2480;1326;2560;1440;Chrome;NA;NA;108806;NA;NA;NA;NA;3;97913;2;2;474;1;0;ONF;P1;615475;638256;667136;1;1;1;1;9;28880;1;4;154586;0;0;WNF;P2;NA;NA;-1;NA;NA;NA;NA;NA;-1;0;3;0;0;0;NA;NA;[];1;1;1;0;0;0;0;0;0;-1;-1;-1;1;0;0;0;0;0;0;0;0;-1;-1;-1;-1;-1;-1;-1;-1;-1;-1;-1;-1;-1;322945;-1;-1;-1;-1;-1;-1;-1;-1;-1;-1;-1;-1;-1;-1;-1;-1;-1;-1;
p239824586707;15qd;1026319;false;programmer;3;3;4;3;3.0;3;;true;false;OF-WF;-1;-1;-1;1905;1200;1920;1200;Chrome;134896;186315;222069;0;0;0;0;3;35754;2;2;723;0;0;OF;P2;513430;580848;631448;5;5;5;5;10;50600;3;3;41385;0;0;WF;P1;NA;NA;-1;NA;NA;NA;NA;NA;-1;0;4;0;0;0;NA;NA;[];1;1;0;0;0;0;1;1;1;0;0;0;-1;-1;-1;-1;-1;-1;-1;-1;-1;0;1;1;1;0;1;0;1;0;0;-1;-1;-1;-1;-1;-1;-1;-1;-1;-1;-1;-1;-1;236219;120459;193260;-1;427220;-1;315152;-1;-1;
p239824586710;16bp;8691116;false;tester;0;1;2;0;4.0;3;;true;false;WF-WNF;-1;-1;-1;1903;1094;1920;1200;Chrome;703701;1553355;2197937;0;0;0;0;3;644582;2;2;9937;0;0;WF;P2;2378314;4356599;6034118;1;0;0;0;10;364627;3;3;83539;1;0;WNF;P1;NA;NA;-1;NA;NA;NA;NA;NA;-1;0;4;0;0;0;NA;NA;[];1;1;0;0;0;0;1;1;1;0;0;0;-1;-1;-1;-1;-1;-1;-1;-1;-1;0;0;1;0;0;0;0;0;0;0;-1;-1;-1;-1;-1;-1;-1;-1;-1;-1;-1;-1;-1;-1;2660079;-1;-1;-1;-1;-1;-1;-1;
p239824586714;1745;2923543;false;programmer;4;4;4;0;4.0;3;0;true;false;OF-WF;44;4;501644;1905;1200;1920;1200;Chrome;426934;426934;494274;3;3;3;3;3;67340;2;2;1833;0;0;WF;P1;953516;964160;1034536;5;3;5;5;9;70376;1;4;171159;0;0;OF;P2;550099;550099;584528;2;2;2;2;10;34429;1;3;29467;0;0;inverse;expected;[];1;1;1;0;0;0;1;0;0;1;1;1;1;0;1;1;1;1;0;0;0;0;1;0;0;1;0;0;0;0;0;424964;292343;296227;399213;-1;871101;755139;213039;165010;-1;-1;-1;-1;229598;-1;-1;516286;-1;-1;-1;-1;-1;
p239824586722;18p1;622085;false;programmer;4;4;4;3;4.0;3;;true;false;WF-WNF;-1;-1;-1;-1;-1;-1;-1;NA;301742;366040;459868;0;0;0;0;3;93828;2;2;5500;0;0;WF;P1;NA;NA;-1;NA;NA;NA;NA;NA;-1;0;4;0;0;0;WNF;P2;NA;NA;-1;NA;NA;NA;NA;NA;-1;0;3;0;0;0;NA;NA;[];1;1;0;0;0;0;0;0;0;0;0;0;-1;-1;-1;-1;-1;-1;-1;-1;-1;-1;-1;-1;-1;-1;-1;-1;-1;-1;-1;-1;-1;-1;-1;-1;-1;-1;-1;-1;-1;-1;-1;-1;-1;-1;-1;-1;-1;-1;-1;-1;-1;
p239824586728;19vp;3037217;false;programmer;1;2;4;2;5.0;2;0;true;false;WF-WNF;43;2;393847;1519;735;1536;864;Chrome;363480;417557;605538;0;0;0;0;3;110801;2;2;10306;0;1;WNF;P2;1109390;1206779;1311234;2;1;2;2;10;104455;1;3;78950;0;0;WF;P1;258438;271299;416896;1;1;1;1;9;145597;2;4;84811;0;0;expected;expected;[];1;1;1;0;0;1;0;1;0;0;0;0;0;0;0;0;1;0;0;0;0;0;0;0;1;0;0;0;1;0;0;-1;-1;-1;-1;-1;-1;-1;141934;-1;-1;-1;-1;-1;-1;-1;756826;-1;-1;-1;469192;-1;-1;
p239824586729;1a2t;5372022;false;programmer;4;4;4;3;4.0;3;0;true;false;OF-WF;45;3;459249;1657;1033;1920;1200;Safari;322143;399895;529797;1;1;1;1;3;92897;1;2;6686;1;0;WF;P1;2681307;2682328;2850338;3;1;2;3;9;168010;2;4;250023;0;0;OF;P2;800598;1085628;1097827;4;2;4;4;10;12199;0;3;28343;0;0;inverse;inverse;[];1;0;1;0;1;0;0;0;0;1;0;0;1;1;0;0;0;1;0;0;0;0;1;1;1;0;0;0;1;0;0;292530;-1;-1;1139278;1745543;-1;-1;-1;179655;-1;-1;-1;-1;834002;398699;773207;-1;-1;-1;577603;-1;-1;
p239824586731;1ah1;4507826;false;programmer;3;3;2;1;0.0;4;1;true;false;WF-WNF;45;0;594417;1601;1025;1680;1050;Firefox;476113;513554;577036;0;0;0;0;3;63482;2;2;1784;0;0;WF;P1;1505149;1512749;1881231;3;2;3;3;9;368482;2;4;217629;0;0;WNF;P2;736759;736759;1038662;3;3;3;3;10;301903;2;3;92489;0;0;expected;same;[];1;1;1;0;1;0;1;0;1;0;0;0;1;0;0;0;1;0;0;0;1;1;1;0;0;0;0;0;1;0;0;-1;-1;-1;946826;-1;-1;-1;450844;-1;-1;-1;417544;244594;220253;-1;-1;-1;-1;-1;596700;-1;-1;
p239824586734;1b2d;927053;false;programmer;5;5;4;4;5.0;4;;true;false;WF-WNF;-1;-1;-1;1623;960;1920;1200;Chrome;NA;NA;123184;NA;NA;NA;NA;3;38475;2;2;3166;0;0;WF;P1;495451;495451;672638;5;5;5;5;9;177187;1;4;281864;0;0;WNF;P2;NA;NA;-1;NA;NA;NA;NA;NA;-1;0;3;0;0;0;NA;NA;[];1;1;1;0;0;0;0;0;0;-1;-1;-1;1;1;1;0;1;1;0;0;0;-1;-1;-1;-1;-1;-1;-1;-1;-1;-1;-1;-1;-1;326038;375843;431654;-1;182668;156917;-1;-1;-1;-1;-1;-1;-1;-1;-1;-1;-1;-1;-1;
p239824586736;1bgl;1642819;false;programmer;4;5;2;1;3.0;2;;true;false;OF-WF;-1;-1;-1;-1;-1;-1;-1;NA;713744;723912;1153552;1;1;1;1;3;160392;1;2;2412;3;1;WF;P2;NA;NA;-1;NA;NA;NA;NA;NA;-1;0;3;0;0;0;OF;P1;NA;NA;-1;NA;NA;NA;NA;NA;-1;0;4;0;0;0;NA;NA;[];0;1;0;0;0;0;0;0;0;1;0;0;-1;-1;-1;-1;-1;-1;-1;-1;-1;-1;-1;-1;-1;-1;-1;-1;-1;-1;-1;240839;-1;-1;-1;-1;-1;-1;-1;-1;-1;-1;-1;-1;-1;-1;-1;-1;-1;-1;-1;-1;-1;
p239824586739;1c1x;654600;false;programmer;4;4;4;4;5.0;2;;true;false;ONF-WNF;-1;-1;-1;-1;-1;-1;-1;NA;478370;478370;534614;0;0;0;0;3;56244;2;2;4578;0;0;WNF;P2;NA;NA;-1;NA;NA;NA;NA;NA;-1;0;3;0;0;0;ONF;P1;NA;NA;-1;NA;NA;NA;NA;NA;-1;0;4;0;0;0;NA;NA;[];1;1;0;0;0;0;0;0;0;0;0;0;-1;-1;-1;-1;-1;-1;-1;-1;-1;-1;-1;-1;-1;-1;-1;-1;-1;-1;-1;-1;-1;-1;-1;-1;-1;-1;-1;-1;-1;-1;-1;-1;-1;-1;-1;-1;-1;-1;-1;-1;-1;
p239824586741;1cg5;4709407;false;programmer;4;4;4;4;6.0;4;0;true;false;OF-WF;46;5;570047;1903;1067;1920;1200;Firefox;594827;686415;757616;1;0;1;1;3;71201;1;2;3335;0;0;OF;P1;1948455;1974397;2200065;3;1;1;3;9;225668;3;4;405455;0;0;WF;P2;659519;660703;885399;2;1;2;2;10;224696;3;3;126966;0;0;expected;expected;[];0;1;1;1;1;0;1;1;1;1;0;0;0;1;1;0;1;0;0;0;0;0;1;0;0;0;0;0;1;0;0;613013;-1;-1;-1;1748941;1771782;-1;476009;-1;-1;-1;-1;-1;532042;-1;-1;-1;-1;-1;621239;-1;-1;
p239824586742;1cn9;656891;false;programmer;4;4;4;2;6.0;3;;true;false;ONF-WNF;-1;-1;-1;-1;-1;-1;-1;NA;393616;393616;555116;0;0;0;0;3;161500;1;2;4988;0;0;ONF;P1;NA;NA;-1;NA;NA;NA;NA;NA;-1;0;4;0;0;0;WNF;P2;NA;NA;-1;NA;NA;NA;NA;NA;-1;0;3;0;0;0;NA;NA;[];0;1;0;0;0;0;0;0;0;0;0;0;-1;-1;-1;-1;-1;-1;-1;-1;-1;-1;-1;-1;-1;-1;-1;-1;-1;-1;-1;-1;-1;-1;-1;-1;-1;-1;-1;-1;-1;-1;-1;-1;-1;-1;-1;-1;-1;-1;-1;-1;-1;
p239824586744;1d1h;1200553;false;manager;5;5;4;4;6.0;5;;true;false;OF-WF;-1;-1;-1;-1;-1;-1;-1;NA;648723;757072;1043583;1;0;1;1;3;227589;1;2;10285;0;1;OF;P2;NA;NA;-1;NA;NA;NA;NA;NA;-1;0;3;0;0;0;WF;P1;NA;NA;-1;NA;NA;NA;NA;NA;-1;0;4;0;0;0;NA;NA;[];0;1;0;0;0;0;0;0;0;1;0;0;-1;-1;-1;-1;-1;-1;-1;-1;-1;-1;-1;-1;-1;-1;-1;-1;-1;-1;-1;744325;-1;-1;-1;-1;-1;-1;-1;-1;-1;-1;-1;-1;-1;-1;-1;-1;-1;-1;-1;-1;-1;
p239824586747;1dmt;965811;false;programmer;5;4;4;4;6.0;3;;true;true;ONF-WNF;-1;-1;-1;-1;-1;-1;-1;NA;687735;699814;781191;3;3;3;3;3;81377;0;2;5247;0;0;ONF;P2;NA;NA;-1;NA;NA;NA;NA;NA;-1;0;3;0;0;0;WNF;P1;NA;NA;-1;NA;NA;NA;NA;NA;-1;0;4;0;0;0;NA;NA;[];0;0;0;0;0;0;0;0;0;1;1;1;-1;-1;-1;-1;-1;-1;-1;-1;-1;-1;-1;-1;-1;-1;-1;-1;-1;-1;-1;350454;491131;511873;-1;-1;-1;-1;-1;-1;-1;-1;-1;-1;-1;-1;-1;-1;-1;-1;-1;-1;-1;
p239824586758;18m;138259819;false;analyst;4;5;2;1;7.0;3;0;true;false;WF-WNF;48;5;713247;1354;585;1366;768;Chrome;864360;891775;1279260;0;0;0;0;3;387485;1;2;26579;0;0;WNF;P1;4920166;4976751;6259658;2;0;0;2;9;1282907;3;4;664797;0;0;WF;P2;1399616;1399616;1710384;1;1;1;1;10;302305;2;3;171397;1;0;inverse;inverse;[request/intermediate2.html, request/closing.html, request/closing.html, request/closing.html];1;0;1;1;0;1;1;0;1;0;0;0;0;0;0;0;0;1;0;1;0;0;0;0;0;1;0;0;0;0;0;-1;-1;-1;-1;-1;-1;-1;-1;1205751;-1;1403929;-1;-1;-1;-1;-1;376010;-1;-1;-1;-1;-1;
p239824586763;286;2935686;false;programmer;4;5;4;4;5.0;4;0;true;true;WF-WNF;30;5;575928;1903;1079;1920;1080;IE;209487;209487;242083;1;1;1;1;3;32596;2;2;656;0;0;WF;P2;895520;895520;940248;4;3;4;4;10;44728;2;3;96858;0;0;WNF;P1;760071;760071;809494;3;2;3;3;9;49423;1;4;369265;0;0;inverse;inverse;[request/finalquestions.html];1;1;1;0;0;0;1;1;0;1;0;0;0;1;0;0;1;1;0;0;0;1;1;0;0;0;0;1;1;0;0;198486;-1;-1;-1;719901;-1;-1;235150;210359;-1;-1;-1;253367;227548;-1;-1;-1;-1;749984;503555;-1;-1;
p239824586765;2me;3564632;false;programmer;5;3;4;4;8.0;5;0;true;false;ONF-WNF;35;1;428633;1907;1079;1920;1080;Firefox;283142;353422;448405;3;3;3;3;3;94983;1;2;2403;0;0;WNF;P2;939910;1040529;1114904;2;1;2;2;10;74375;2;3;83584;0;0;ONF;P1;919271;1002953;1135024;0;0;0;0;9;132071;2;4;223741;0;0;same;expected;[];0;1;1;0;1;0;1;0;1;1;1;1;0;0;0;0;0;0;0;0;0;0;0;0;1;0;0;0;1;0;0;142547;229779;233155;-1;-1;-1;-1;-1;-1;-1;-1;-1;-1;-1;-1;655995;-1;-1;-1;209736;-1;-1;
p239824586767;30m;477460;false;programmer;3;5;4;3;0.0;3;;true;false;ONF-WNF;-1;-1;-1;-1;-1;-1;-1;NA;243818;243818;310046;3;3;3;3;3;66228;1;2;2284;0;0;ONF;P1;NA;NA;-1;NA;NA;NA;NA;NA;-1;0;4;0;0;0;WNF;P2;NA;NA;-1;NA;NA;NA;NA;NA;-1;0;3;0;0;0;NA;NA;[cancelled];1;0;0;0;0;0;0;0;0;1;1;1;-1;-1;-1;-1;-1;-1;-1;-1;-1;-1;-1;-1;-1;-1;-1;-1;-1;-1;-1;186905;108304;131960;-1;-1;-1;-1;-1;-1;-1;-1;-1;-1;-1;-1;-1;-1;-1;-1;-1;-1;-1;
p239824586768;37q;11674229;false;programmer;4;4;4;3;1.0;5;0;true;true;ONF-WNF;35;4;770461;1903;1079;1920;1080;IE;558702;746967;940299;1;1;1;1;3;193332;1;2;2604;0;0;ONF;P2;3474876;3868180;4412205;6;1;2;4;10;544025;3;3;499171;0;0;WNF;P1;3886420;4010094;4887733;7;1;2;4;9;753533;3;4;957927;1;0;inverse;inverse;[];0;1;1;0;1;1;1;1;1;1;0;0;1;1;1;1;1;1;0;1;0;1;1;1;1;0;0;0;1;1;0;590523;-1;-1;1870924;3566929;1708819;3231626;977909;396229;-1;1220575;-1;1797352;1368225;867026;2422469;-1;-1;-1;219309;3507021;-1;
p239824586769;3eu;3090962;false;programmer;3;3;3;1;0.0;4;0;true;false;OF-WF;44;5;582267;1905;1080;1920;1080;Chrome;NA;NA;384220;NA;NA;NA;NA;3;65263;2;2;344;0;1;OF;P2;790009;860495;908119;2;2;2;2;10;47624;1;3;18324;0;0;WF;P1;729657;747936;824481;3;3;3;3;9;76545;1;4;36822;0;0;expected;expected;[];1;1;1;0;0;0;1;0;0;-1;-1;-1;1;0;0;0;1;0;0;0;1;0;1;0;0;0;0;0;1;0;0;-1;-1;-1;310875;-1;-1;-1;160709;-1;-1;-1;140744;-1;405274;-1;-1;-1;-1;-1;479735;-1;-1;
p239824586770;3ly;5442769;false;researcher;3;3;4;2;0.0;4;0;true;false;WF-WNF;46;5;514022;1440;900;1440;900;Safari;279584;356050;405514;3;3;3;3;3;49464;2;2;5701;0;0;WF;P2;2064528;2297131;2402417;8;2;3;4;10;105286;3;3;208123;0;0;WNF;P1;1133255;1238753;1502046;5;2;5;5;9;263293;3;4;638589;0;0;expected;inverse;[];1;1;1;0;1;1;1;1;1;1;1;1;1;0;1;0;1;1;0;0;1;1;1;1;1;1;1;1;1;0;0;312485;224467;241804;406423;-1;605815;-1;38956;918674;-1;-1;1151024;1937505;1827741;308074;2137105;2256762;884506;1407683;373124;-1;-1;
p239824586772;406;801849;false;tester;3;1;1;1;7.0;4;;true;false;WF-WNF;-1;-1;-1;-1;-1;-1;-1;NA;488666;693062;763674;3;2;3;3;3;62568;1;2;1844;1;0;WF;P1;NA;NA;-1;NA;NA;NA;NA;NA;-1;0;4;0;0;0;WNF;P2;NA;NA;-1;NA;NA;NA;NA;NA;-1;0;3;0;0;0;NA;NA;[];0;1;0;0;0;0;0;0;0;1;1;1;-1;-1;-1;-1;-1;-1;-1;-1;-1;-1;-1;-1;-1;-1;-1;-1;-1;-1;-1;677215;453747;483323;-1;-1;-1;-1;-1;-1;-1;-1;-1;-1;-1;-1;-1;-1;-1;-1;-1;-1;-1;
p239824586778;56u;593509;false;manager;3;4;3;3;10.0;4;0;true;false;ONF-WNF;-1;-1;-1;1380;799;1440;900;Chrome;168153;168153;235580;0;0;0;0;3;67427;2;2;4545;0;0;ONF;P1;170745;170745;243401;2;2;2;2;9;72656;1;4;21907;0;0;WNF;P2;NA;NA;29559;NA;NA;NA;NA;NA;4794;0;3;6781;0;0;NA;NA;[];1;1;1;0;0;0;0;0;0;0;0;0;0;0;0;0;1;0;0;0;1;-1;-1;-1;-1;-1;-1;-1;-1;-1;-1;-1;-1;-1;-1;-1;-1;-1;117737;-1;-1;-1;167607;-1;-1;-1;-1;-1;-1;-1;-1;-1;-1;
p239824586780;5l2;3874004;false;programmer;3;3;3;3;9.0;1;;true;false;ONF-WNF;-1;-1;-1;-1;-1;-1;-1;NA;1444751;1493045;1550181;1;0;1;1;3;57136;1;2;25493;0;0;ONF;P1;NA;NA;-1;NA;NA;NA;NA;NA;-1;0;4;0;0;0;WNF;P2;NA;NA;-1;NA;NA;NA;NA;NA;-1;0;3;0;0;0;NA;NA;[request/intermediate0.html, requestReview1, requestReview-1];0;1;0;0;0;0;0;0;0;1;0;0;-1;-1;-1;-1;-1;-1;-1;-1;-1;-1;-1;-1;-1;-1;-1;-1;-1;-1;-1;913554;-1;-1;-1;-1;-1;-1;-1;-1;-1;-1;-1;-1;-1;-1;-1;-1;-1;-1;-1;-1;-1;
p239824586782;5za;5151338;false;programmer;4;4;4;0;0.0;3;0;true;false;ONF-WNF;46;3;673395;1905;1080;1920;1080;Chrome;406505;797976;865868;3;3;3;3;3;67892;1;2;735;0;0;ONF;P1;1380621;1496677;1965567;4;2;3;4;9;468890;4;4;634986;0;0;WNF;P2;827621;1027253;1114858;2;0;2;2;10;87605;2;3;100143;0;0;expected;expected;[];0;1;1;1;1;1;1;0;1;1;1;1;1;0;0;1;0;0;1;1;0;0;0;0;0;1;0;0;1;0;0;173364;356302;380665;1206506;-1;-1;462508;-1;-1;566226;841326;-1;-1;-1;-1;-1;832817;-1;-1;997395;-1;-1;
p239824586786;6rq;169753429;false;programmer;5;5;4;2;1.0;2;;true;false;OF-WF;-1;-1;-1;-1;-1;-1;-1;NA;158583;161248;1182057;3;3;3;3;3;78218;2;2;11350;1;0;OF;P2;NA;NA;-1;NA;NA;NA;NA;NA;-1;0;3;0;0;0;WF;P1;NA;NA;-1;NA;NA;NA;NA;NA;-1;0;4;0;0;0;NA;NA;[request/intermediate0.html];1;1;0;0;0;0;0;0;0;1;1;1;-1;-1;-1;-1;-1;-1;-1;-1;-1;-1;-1;-1;-1;-1;-1;-1;-1;-1;-1;157727;116079;111532;-1;-1;-1;-1;-1;-1;-1;-1;-1;-1;-1;-1;-1;-1;-1;-1;-1;-1;-1;
p239824586789;7d2;5818245;false;researcher;3;3;3;0;4.0;4;0;true;false;ONF-WNF;49;1;482647;2560;1366;2560;1440;Chrome;485688;533496;628165;1;1;1;1;3;94669;2;2;1557;0;0;WNF;P2;1698005;1749202;2074111;2;1;1;2;10;324909;3;3;384300;0;0;ONF;P1;1104104;1114880;1650181;1;1;1;1;9;231699;4;4;450387;1;0;expected;expected;[];1;1;1;1;1;1;1;1;1;1;0;0;0;0;0;0;1;0;0;0;0;0;1;0;0;0;0;0;0;0;1;187255;-1;-1;-1;-1;-1;-1;576387;-1;-1;-1;-1;-1;518101;-1;-1;-1;-1;-1;-1;-1;1741446;
p239824586791;7ra;1080865;false;manager;4;5;4;3;0.0;2;;true;false;OF-WF;-1;-1;-1;-1;-1;-1;-1;NA;601696;729030;873954;3;1;3;3;3;135052;2;2;8419;0;1;WF;P2;NA;NA;-1;NA;NA;NA;NA;NA;-1;0;3;0;0;0;OF;P1;NA;NA;-1;NA;NA;NA;NA;NA;-1;0;4;0;0;0;NA;NA;[];1;1;0;0;0;0;0;0;0;1;1;1;-1;-1;-1;-1;-1;-1;-1;-1;-1;-1;-1;-1;-1;-1;-1;-1;-1;-1;-1;699588;441345;630347;-1;-1;-1;-1;-1;-1;-1;-1;-1;-1;-1;-1;-1;-1;-1;-1;-1;-1;-1;
p239824586793;85i;2995633;false;programmer;3;1;4;3;8.0;3;0;true;false;ONF-WNF;36;2;540908;1366;730;1366;768;Safari;270184;270184;329882;0;0;0;0;3;59698;2;2;7508;0;0;WNF;P1;1040902;1042996;1308527;2;1;2;2;9;265531;3;4;262533;0;0;ONF;P2;355229;355229;468587;1;1;1;1;10;113358;1;3;44440;0;0;inverse;inverse;[];1;1;1;1;1;0;1;0;0;0;0;0;1;0;0;0;1;0;0;0;0;0;0;0;0;0;0;0;1;0;0;-1;-1;-1;623447;-1;-1;-1;412477;-1;-1;-1;-1;-1;-1;-1;-1;-1;-1;-1;127184;-1;-1;
p239824586795;8jq;1085234;false;programmer;5;5;4;3;0.0;3;;true;false;WF-WNF;-1;-1;-1;1905;917;1920;1080;Chrome;453001;502217;563170;0;0;0;0;3;60953;2;2;2103;0;0;WF;P1;390324;390324;428854;2;2;2;2;9;38530;0;4;81979;0;0;WNF;P2;NA;NA;-1;NA;NA;NA;NA;NA;-1;0;3;0;0;0;NA;NA;[];1;1;0;0;0;0;0;0;0;0;0;0;0;0;0;0;1;0;0;0;1;-1;-1;-1;-1;-1;-1;-1;-1;-1;-1;-1;-1;-1;-1;-1;-1;-1;190307;-1;-1;-1;151090;-1;-1;-1;-1;-1;-1;-1;-1;-1;-1;
p239824586796;8qu;12511228;false;programmer;5;5;4;4;0.0;3;0;true;false;ONF-WNF;49;1;457869;2226;1200;2560;1440;Safari;1001322;1001322;1088782;3;3;3;3;3;87460;1;2;2098;0;0;ONF;P1;3740767;3833324;4124311;9;2;2;3;9;290987;3;4;652570;0;1;WNF;P2;5203500;5603558;5675762;9;0;1;3;10;43493;3;3;399590;0;2;expected;expected;[];0;1;1;1;0;1;1;1;1;1;1;1;1;1;1;1;1;1;1;1;1;1;1;0;1;1;1;1;1;1;1;234962;172793;177667;583467;3057344;3054711;2067350;89735;1329477;2161633;3384775;2820610;1858660;1341242;-1;3991419;1044603;2840036;5325955;1729983;2419328;3484016;
p239824586798;952;5107659;false;programmer;2;1;3;2;8.0;3;0;true;false;OF-WF;37;4;431935;1663;1050;1680;1050;Chrome;568861;601846;647096;3;3;3;3;3;45250;2;2;4618;0;0;WF;P2;2209297;2218691;2398026;5;2;5;5;10;179335;2;3;180885;0;0;OF;P1;808201;808201;1210253;3;3;3;3;9;402052;4;4;348281;0;0;inverse;inverse;[request/closing.html];1;1;1;1;1;1;0;1;1;1;1;1;1;0;0;0;1;0;0;0;1;0;1;0;1;1;0;0;1;1;0;232875;400692;445690;415058;-1;-1;-1;257322;-1;-1;-1;222386;-1;972831;-1;747393;465921;-1;-1;1174834;209959;-1;
p239824586799;9c6;592129;false;programmer;5;5;4;4;0.0;4;;true;false;OF-WF;-1;-1;-1;-1;-1;-1;-1;NA;313305;325598;393953;1;1;1;1;3;68355;2;2;7926;0;0;OF;P1;NA;NA;-1;NA;NA;NA;NA;NA;-1;0;4;0;0;0;WF;P2;NA;NA;-1;NA;NA;NA;NA;NA;-1;0;3;0;0;0;NA;NA;[];1;1;0;0;0;0;0;0;0;1;0;0;-1;-1;-1;-1;-1;-1;-1;-1;-1;-1;-1;-1;-1;-1;-1;-1;-1;-1;-1;274298;-1;-1;-1;-1;-1;-1;-1;-1;-1;-1;-1;-1;-1;-1;-1;-1;-1;-1;-1;-1;-1;
p239824586805;aiu;92414242;false;programmer;4;4;4;2;1.0;5;;true;false;ONF-WNF;-1;-1;-1;-1;-1;-1;-1;NA;2264826;3124862;3173170;3;1;1;1;3;48308;1;2;17877;0;0;WNF;P1;NA;NA;-1;NA;NA;NA;NA;NA;-1;0;4;0;0;0;ONF;P2;NA;NA;-1;NA;NA;NA;NA;NA;-1;0;3;0;0;0;NA;NA;[];0;1;0;0;0;0;0;0;0;1;1;1;-1;-1;-1;-1;-1;-1;-1;-1;-1;-1;-1;-1;-1;-1;-1;-1;-1;-1;-1;294653;2506930;2501924;-1;-1;-1;-1;-1;-1;-1;-1;-1;-1;-1;-1;-1;-1;-1;-1;-1;-1;-1;
p239824586811;bpi;5596597;false;programmer;4;5;4;3;0.0;3;1;true;false;OF-WF;30;9;535383;1366;702;1366;768;Chrome;292830;292830;512758;1;1;1;1;3;107659;2;2;14803;2;0;WF;P1;1336645;1359169;1930926;2;2;2;2;9;420147;3;4;418969;4;0;OF;P2;1346738;1512895;1994797;1;0;1;1;10;83969;3;3;182416;4;0;inverse;inverse;[];1;1;1;0;1;1;1;1;1;1;0;0;0;0;0;0;1;0;0;0;1;0;0;0;1;0;0;0;0;0;0;198426;-1;-1;-1;-1;-1;-1;149416;-1;-1;-1;237133;-1;-1;-1;833303;-1;-1;-1;-1;-1;-1;
p239824586813;c3q;5621323;false;programmer;5;5;4;2;1.0;2;1;true;false;OF-WF;43;3;584288;1920;955;1920;1080;Chrome;165579;167058;206409;0;0;0;0;3;39351;1;2;1022;0;0;OF;P2;1321814;1777935;2163273;5;1;4;5;10;385338;3;3;61207;0;0;WF;P1;1803577;1896553;2215673;2;0;1;2;9;319120;4;4;366751;0;0;inverse;expected;[];1;0;1;1;1;1;1;1;1;0;0;0;1;0;0;0;0;0;1;0;0;1;1;0;1;0;0;1;1;0;0;-1;-1;-1;1087294;-1;-1;-1;-1;-1;1286642;-1;-1;642481;634678;-1;528540;-1;-1;1338314;655613;-1;-1;
p239824586825;eh2;22945332;false;manager;4;4;4;3;3.0;2;;true;false;ONF-WNF;-1;-1;-1;-1;-1;-1;-1;NA;3276177;3276177;22833030;1;0;0;0;3;19556853;1;2;4624;0;0;WNF;P2;NA;NA;-1;NA;NA;NA;NA;NA;-1;0;3;0;0;0;ONF;P1;NA;NA;-1;NA;NA;NA;NA;NA;-1;0;4;0;0;0;NA;NA;[requestReview0, requestReview0, request/intro2.html, requestReview0, request/intermediate0.html, requestReview1];0;1;0;0;0;0;0;0;0;1;0;0;-1;-1;-1;-1;-1;-1;-1;-1;-1;-1;-1;-1;-1;-1;-1;-1;-1;-1;-1;3276177;-1;-1;-1;-1;-1;-1;-1;-1;-1;-1;-1;-1;-1;-1;-1;-1;-1;-1;-1;-1;-1;
p239824586834;g92;582063;false;programmer;1;1;4;4;0.0;4;;true;false;WF-WNF;-1;-1;-1;-1;-1;-1;-1;NA;390723;403700;454905;0;0;0;0;3;51205;1;2;3641;0;0;WF;P2;NA;NA;-1;NA;NA;NA;NA;NA;-1;0;3;0;0;0;WNF;P1;NA;NA;-1;NA;NA;NA;NA;NA;-1;0;4;0;0;0;NA;NA;[];0;1;0;0;0;0;0;0;0;0;0;0;-1;-1;-1;-1;-1;-1;-1;-1;-1;-1;-1;-1;-1;-1;-1;-1;-1;-1;-1;-1;-1;-1;-1;-1;-1;-1;-1;-1;-1;-1;-1;-1;-1;-1;-1;-1;-1;-1;-1;-1;-1;
p239824586838;h1i;1231829;false;programmer;2;0;4;0;8.0;3;;true;false;NA;-1;-1;-1;-1;-1;-1;-1;NA;244298;983053;997198;0;0;0;0;3;14145;0;2;556;0;0;NA;NA;NA;NA;-1;NA;NA;NA;NA;NA;-1;0;3;0;0;0;NA;NA;NA;NA;-1;NA;NA;NA;NA;NA;-1;0;3;0;0;0;NA;NA;[];0;0;0;0;0;0;0;0;0;0;0;0;-1;-1;-1;-1;-1;-1;-1;-1;-1;-1;-1;-1;-1;-1;-1;-1;-1;-1;-1;-1;-1;-1;-1;-1;-1;-1;-1;-1;-1;-1;-1;-1;-1;-1;-1;-1;-1;-1;-1;-1;-1;
p239824586839;h8m;8847540;false;programmer;4;5;4;3;0.0;4;1;true;false;WF-WNF;49;5;699696;1907;1041;1920;1200;Firefox;538004;676971;783152;1;1;1;1;3;106181;2;2;3248;0;0;WNF;P2;907657;1157616;1437672;1;1;1;1;10;280056;1;3;75779;0;0;WF;P1;500939;507279;2494961;1;1;1;1;9;240261;2;4;200708;1;0;same;same;[];1;1;1;0;1;0;0;0;1;1;0;0;0;0;0;0;1;0;0;0;0;0;0;0;0;0;0;0;1;0;0;376179;-1;-1;-1;-1;-1;-1;106709;-1;-1;-1;-1;-1;-1;-1;-1;-1;-1;-1;596522;-1;-1;
p239824586844;i86;603422;false;programmer;4;4;4;3;0.0;2;;true;false;WF-WNF;-1;-1;-1;-1;-1;-1;-1;NA;215668;248423;414964;0;0;0;0;3;115485;1;2;4992;1;0;WNF;P1;NA;NA;-1;NA;NA;NA;NA;NA;-1;0;4;0;0;0;WF;P2;NA;NA;-1;NA;NA;NA;NA;NA;-1;0;3;0;0;0;NA;NA;[];0;1;0;0;0;0;0;0;0;0;0;0;-1;-1;-1;-1;-1;-1;-1;-1;-1;-1;-1;-1;-1;-1;-1;-1;-1;-1;-1;-1;-1;-1;-1;-1;-1;-1;-1;-1;-1;-1;-1;-1;-1;-1;-1;-1;-1;-1;-1;-1;-1;
p239824586848;j0m;2508683;false;manager;5;5;4;3;5.0;3;;true;false;ONF-WNF;-1;-1;-1;1920;983;1920;1080;Chrome;418940;488635;554354;1;1;1;1;3;65719;1;2;1264;0;0;WNF;P1;464939;488666;961928;1;1;1;1;9;473262;2;4;239144;0;0;ONF;P2;NA;NA;-1;NA;NA;NA;NA;NA;-1;0;3;0;0;0;NA;NA;[];1;0;1;0;1;0;0;0;0;1;0;0;0;0;0;0;1;0;0;0;0;-1;-1;-1;-1;-1;-1;-1;-1;-1;-1;171419;-1;-1;-1;-1;-1;-1;48613;-1;-1;-1;-1;-1;-1;-1;-1;-1;-1;-1;-1;-1;-1;
p239824586857;ksm;10544326;false;manager;4;4;4;2;3.0;4;0;true;false;OF-WF;48;2;569482;1440;713;1440;900;Chrome;329281;354072;469758;1;1;1;1;3;115686;2;2;7941;0;0;WF;P2;411182;411182;821087;0;0;0;0;10;409905;2;3;123599;0;0;OF;P1;NA;NA;8422533;NA;NA;NA;NA;NA;593853;3;4;231087;1;0;NA;NA;[];1;1;1;0;1;1;1;0;1;1;0;0;-1;-1;-1;-1;-1;-1;-1;-1;-1;0;0;0;0;0;0;0;0;0;0;215981;-1;-1;-1;-1;-1;-1;-1;-1;-1;-1;-1;-1;-1;-1;-1;-1;-1;-1;-1;-1;-1;
p239824586859;l6u;1722967;false;programmer;2;0;4;3;7.0;2;0;true;false;ONF-WNF;-1;-1;-1;1280;732;1280;800;Chrome;1020259;1049891;1097096;0;0;0;0;3;47205;2;2;11621;0;0;ONF;P2;297437;375817;407445;0;0;0;0;10;31628;1;3;9546;0;0;WNF;P1;NA;NA;17112;NA;NA;NA;NA;NA;11335;1;4;15709;0;0;NA;NA;[];1;1;0;1;0;0;1;0;0;0;0;0;-1;-1;-1;-1;-1;-1;-1;-1;-1;0;0;0;0;0;0;0;0;0;0;-1;-1;-1;-1;-1;-1;-1;-1;-1;-1;-1;-1;-1;-1;-1;-1;-1;-1;-1;-1;-1;-1;
